EmployeeID,NationalIDNumber,LoginID,OrganizationNode,OrganizationLevel,JobTitle,MaritalStatus,Gender,BirthDate,HireDate,SalariedFlag,CurrentFlag
1,295847284,adventure-works\ken0,,,Chief Executive Officer,S,M,1969-01-29,2009-01-14,1,1
2,245797967,adventure-works\terri0,/1/,1,Vice President of Engineering,S,F,1971-08-01,2008-01-31,1,1
3,509647174,adventure-works\roberto0,/1/1/,2,Engineering Manager,M,M,1974-11-12,2007-11-11,1,1
4,112457891,adventure-works\rob0,/1/1/1/,3,Senior Tool Designer,S,M,1974-12-23,2007-12-05,0,1
5,695256908,adventure-works\gail0,/1/1/2/,3,Design Engineer,M,F,1952-09-27,2008-01-06,1,1
6,998320692,adventure-works\jossef0,/1/1/3/,3,Design Engineer,M,M,1959-03-11,2008-01-24,1,1
7,134969118,adventure-works\dylan0,/1/1/4/,3,Research and Development Manager,M,M,1987-02-24,2009-02-08,1,1
8,811994146,adventure-works\diane1,/1/1/4/1/,4,Research and Development Engineer,S,F,1986-06-05,2008-12-29,1,1
9,658797903,adventure-works\gigi0,/1/1/4/2/,4,Research and Development Engineer,M,F,1979-01-21,2009-01-16,1,1
10,879342154,adventure-works\michael6,/1/1/4/3/,4,Research and Development Manager,M,M,1984-11-30,2009-05-03,1,1
11,974026903,adventure-works\ovidiu0,/1/1/5/,3,Senior Tool Designer,S,M,1978-01-17,2010-12-05,0,1
12,480168528,adventure-works\thierry0,/1/1/5/1/,4,Tool Designer,M,M,1959-07-29,2007-12-11,0,1
13,486228782,adventure-works\janice0,/1/1/5/2/,4,Tool Designer,M,F,1989-05-28,2010-12-23,0,1
14,42487730,adventure-works\michael8,/1/1/6/,3,Senior Design Engineer,S,M,1979-06-16,2010-12-30,1,1
15,56920285,adventure-works\sharon0,/1/1/7/,3,Design Engineer,M,F,1961-05-02,2011-01-18,1,1
16,24756624,adventure-works\david0,/2/,1,Marketing Manager,S,M,1975-03-19,2007-12-20,1,1
17,253022876,adventure-works\kevin0,/2/1/,2,Marketing Assistant,S,M,1987-05-03,2007-01-26,0,1
18,222969461,adventure-works\john5,/2/2/,2,Marketing Specialist,S,M,1978-03-06,2011-02-07,0,1
19,52541318,adventure-works\mary2,/2/3/,2,Marketing Assistant,S,F,1978-01-29,2011-02-14,0,1
20,323403273,adventure-works\wanida0,/2/4/,2,Marketing Assistant,M,F,1975-03-17,2011-01-07,0,1
21,243322160,adventure-works\terry0,/2/5/,2,Marketing Specialist,M,M,1986-02-04,2009-03-02,0,1
22,95958330,adventure-works\sariya0,/2/6/,2,Marketing Specialist,S,M,1987-05-21,2008-12-12,0,1
23,767955365,adventure-works\mary0,/2/7/,2,Marketing Specialist,M,F,1962-09-13,2009-01-12,0,1
24,72636981,adventure-works\jill0,/2/8/,2,Marketing Specialist,M,F,1979-06-18,2009-01-18,0,1
25,519899904,adventure-works\james1,/3/,1,Vice President of Production,S,M,1983-01-07,2009-02-03,1,1
26,277173473,adventure-works\peter0,/3/1/,2,Production Control Manager,M,M,1982-11-03,2008-12-01,1,1
27,446466105,adventure-works\jo0,/3/1/1/,3,Production Supervisor - WC60,S,F,1956-10-08,2008-02-27,0,1
28,14417807,adventure-works\guy1,/3/1/1/1/,4,Production Technician - WC60,M,M,1988-03-13,2006-06-30,0,1
29,948320468,adventure-works\mark1,/3/1/1/2/,4,Production Technician - WC60,S,M,1979-09-25,2009-01-23,0,1
30,410742000,adventure-works\britta0,/3/1/1/3/,4,Production Technician - WC60,M,F,1989-09-28,2009-01-29,0,1
31,750246141,adventure-works\margie0,/3/1/1/4/,4,Production Technician - WC60,M,F,1986-05-20,2009-01-04,0,1
32,330211482,adventure-works\rebecca0,/3/1/1/5/,4,Production Technician - WC60,M,F,1977-07-10,2008-12-29,0,1
33,801758002,adventure-works\annik0,/3/1/1/6/,4,Production Technician - WC60,M,M,1976-12-26,2008-12-17,0,1
34,754372876,adventure-works\suchitra0,/3/1/1/7/,4,Production Technician - WC60,M,F,1987-06-10,2009-02-16,0,1
35,999440576,adventure-works\brandon0,/3/1/1/8/,4,Production Technician - WC60,M,M,1977-01-10,2009-02-08,0,1
36,788456780,adventure-works\jose0,/3/1/1/9/,4,Production Technician - WC60,M,M,1984-07-31,2009-02-10,0,1
37,442121106,adventure-works\chris2,/3/1/1/10/,4,Production Technician - WC60,S,M,1986-08-07,2009-03-07,0,1
38,6298838,adventure-works\kim1,/3/1/1/11/,4,Production Technician - WC60,M,F,1966-12-14,2010-01-16,0,1
39,461786517,adventure-works\ed0,/3/1/1/12/,4,Production Technician - WC60,S,M,1971-09-11,2010-02-05,0,1
40,309738752,adventure-works\jolynn0,/3/1/2/,3,Production Supervisor - WC60,S,F,1956-01-16,2007-12-26,0,1
41,458159238,adventure-works\bryan0,/3/1/2/1/,4,Production Technician - WC60,S,M,1973-08-27,2009-01-21,0,1
42,339712426,adventure-works\james0,/3/1/2/2/,4,Production Technician - WC60,M,M,1984-07-25,2008-12-27,0,1
43,693325305,adventure-works\nancy0,/3/1/2/3/,4,Production Technician - WC60,M,F,1988-11-19,2009-01-02,0,1
44,276751903,adventure-works\simon0,/3/1/2/4/,4,Production Technician - WC60,S,M,1990-05-17,2008-12-08,0,1
45,500412746,adventure-works\thomas0,/3/1/2/5/,4,Production Technician - WC60,M,M,1986-01-10,2009-02-26,0,1
46,66073987,adventure-works\eugene1,/3/1/2/6/,4,Production Technician - WC60,S,M,1976-02-10,2009-02-08,0,1
47,33237992,adventure-works\andrew0,/3/1/3/,3,Production Supervisor - WC10,S,M,1988-09-06,2009-02-22,0,1
48,690627818,adventure-works\ruth0,/3/1/3/1/,4,Production Technician - WC10,M,F,1956-06-04,2008-01-06,0,1
49,912265825,adventure-works\barry0,/3/1/3/2/,4,Production Technician - WC10,S,M,1956-03-26,2008-01-07,0,1
50,844973625,adventure-works\sidney0,/3/1/3/3/,4,Production Technician - WC10,M,M,1956-08-30,2008-02-02,0,1
51,132674823,adventure-works\jeffrey0,/3/1/3/4/,4,Production Technician - WC10,S,M,1956-07-11,2008-02-20,0,1
52,565090917,adventure-works\doris0,/3/1/3/5/,4,Production Technician - WC10,M,F,1956-04-04,2008-03-10,0,1
53,9659517,adventure-works\diane0,/3/1/3/6/,4,Production Technician - WC10,M,F,1956-03-29,2008-03-28,0,1
54,109272464,adventure-works\bonnie0,/3/1/3/7/,4,Production Technician - WC10,M,F,1986-09-10,2010-01-01,0,1
55,233069302,adventure-works\taylor0,/3/1/4/,3,Production Supervisor - WC50,M,M,1956-04-01,2008-02-08,0,1
56,652535724,adventure-works\denise0,/3/1/4/1/,4,Production Technician - WC50,M,F,1988-07-06,2009-02-05,0,1
57,10708100,adventure-works\frank1,/3/1/4/2/,4,Production Technician - WC50,S,M,1971-07-24,2009-02-23,0,1
58,571658797,adventure-works\kendall0,/3/1/4/3/,4,Production Technician - WC50,M,M,1986-05-30,2008-12-05,0,1
59,843479922,adventure-works\bob0,/3/1/4/4/,4,Production Technician - WC50,S,M,1979-08-16,2008-12-24,0,1
60,827686041,adventure-works\pete0,/3/1/4/5/,4,Production Technician - WC50,S,M,1977-02-03,2009-01-11,0,1
61,92096924,adventure-works\diane2,/3/1/4/6/,4,Production Technician - WC50,S,F,1989-08-09,2009-01-18,0,1
62,494170342,adventure-works\john0,/3/1/5/,3,Production Supervisor - WC60,M,M,1956-08-07,2008-03-17,0,1
63,414476027,adventure-works\maciej0,/3/1/5/1/,4,Production Technician - WC60,S,M,1955-01-30,2010-01-29,0,1
64,582347317,adventure-works\michael7,/3/1/5/2/,4,Production Technician - WC60,S,M,1973-09-05,2010-02-23,0,1
65,8066363,adventure-works\randy0,/3/1/5/3/,4,Production Technician - WC60,M,M,1970-04-28,2010-02-23,0,1
66,834186596,adventure-works\karan0,/3/1/5/4/,4,Production Technician - WC60,S,M,1970-03-07,2009-12-22,0,1
67,63179277,adventure-works\jay0,/3/1/5/5/,4,Production Technician - WC60,S,M,1976-02-11,2009-03-05,0,1
68,537092325,adventure-works\charles0,/3/1/5/6/,4,Production Technician - WC60,S,M,1971-09-02,2009-12-03,0,1
69,752513276,adventure-works\steve0,/3/1/5/7/,4,Production Technician - WC60,S,M,1991-04-06,2009-02-15,0,1
70,36151748,adventure-works\david2,/3/1/5/8/,4,Production Technician - WC60,M,M,1984-12-29,2008-12-15,0,1
71,578935259,adventure-works\michael3,/3/1/6/,3,Production Supervisor - WC30,S,M,1989-01-29,2009-02-15,0,1
72,443968955,adventure-works\steven0,/3/1/6/1/,4,Production Technician - WC30,M,M,1977-05-14,2008-12-01,0,1
73,138280935,adventure-works\carole0,/3/1/6/2/,4,Production Technician - WC30,M,F,1983-10-19,2008-12-19,0,1
74,420023788,adventure-works\bjorn0,/3/1/6/3/,4,Production Technician - WC30,S,M,1989-11-06,2009-01-07,0,1
75,363996959,adventure-works\michiko0,/3/1/6/4/,4,Production Technician - WC30,S,M,1982-06-27,2009-01-26,0,1
76,227319668,adventure-works\carol0,/3/1/6/5/,4,Production Technician - WC30,M,F,1988-10-17,2009-02-12,0,1
77,301435199,adventure-works\merav0,/3/1/6/6/,4,Production Technician - WC30,M,F,1983-05-13,2009-03-03,0,1
78,370989364,adventure-works\reuben0,/3/1/7/,3,Production Supervisor - WC40,M,M,1987-08-27,2008-12-15,0,1
79,697712387,adventure-works\eric1,/3/1/7/1/,4,Production Technician - WC40,M,M,1966-12-08,2010-01-24,0,1
80,943170460,adventure-works\sandeep0,/3/1/7/2/,4,Production Technician - WC40,S,M,1970-12-03,2010-01-17,0,1
81,413787783,adventure-works\mihail0,/3/1/7/3/,4,Production Technician - WC40,S,M,1971-03-09,2009-12-29,0,1
82,58791499,adventure-works\jack1,/3/1/7/4/,4,Production Technician - WC40,S,M,1973-08-29,2010-03-03,0,1
83,988315686,adventure-works\patrick1,/3/1/7/5/,4,Production Technician - WC40,M,M,1973-12-23,2010-02-12,0,1
84,947029962,adventure-works\frank3,/3/1/7/6/,4,Production Technician - WC40,M,M,1952-03-02,2010-02-05,0,1
85,1662732,adventure-works\brian2,/3/1/7/7/,4,Production Technician - WC40,S,M,1970-12-23,2009-12-11,0,1
86,769680433,adventure-works\ryan0,/3/1/7/8/,4,Production Technician - WC40,M,M,1972-06-13,2009-01-05,0,1
87,7201901,adventure-works\cristian0,/3/1/8/,3,Production Supervisor - WC10,M,M,1984-04-11,2008-12-22,0,1
88,294148271,adventure-works\betsy0,/3/1/8/1/,4,Production Technician - WC10,S,F,1966-12-17,2009-12-18,0,1
89,90888098,adventure-works\patrick0,/3/1/8/2/,4,Production Technician - WC10,S,M,1986-09-10,2010-02-01,0,1
90,82638150,adventure-works\danielle0,/3/1/8/3/,4,Production Technician - WC10,S,F,1986-09-07,2010-02-20,0,1
91,390124815,adventure-works\kimberly0,/3/1/8/4/,4,Production Technician - WC10,S,F,1986-09-13,2010-01-12,0,1
92,826454897,adventure-works\tom0,/3/1/8/5/,4,Production Technician - WC10,M,M,1986-10-01,2010-03-10,0,1
93,778552911,adventure-works\kok-ho0,/3/1/9/,3,Production Supervisor - WC50,S,M,1980-04-28,2008-12-27,0,1
94,718299860,adventure-works\russell0,/3/1/9/1/,4,Production Technician - WC50,M,M,1972-11-25,2008-12-12,0,1
95,674171828,adventure-works\jim0,/3/1/9/2/,4,Production Technician - WC50,M,M,1986-09-08,2008-12-19,0,1
96,912141525,adventure-works\elizabeth0,/3/1/9/3/,4,Production Technician - WC50,M,F,1990-01-25,2009-03-02,0,1
97,370581729,adventure-works\mandar0,/3/1/9/4/,4,Production Technician - WC50,S,M,1986-03-21,2009-02-10,0,1
98,152085091,adventure-works\sameer0,/3/1/9/5/,4,Production Technician - WC50,M,M,1978-06-26,2009-02-11,0,1
99,431859843,adventure-works\nuan0,/3/1/9/6/,4,Production Technician - WC50,S,M,1979-03-29,2009-01-06,0,1
100,204035155,adventure-works\lolan0,/3/1/9/7/,4,Production Technician - WC50,M,M,1973-01-24,2009-01-12,0,1
101,153288994,adventure-works\houman0,/3/1/9/8/,4,Production Technician - WC50,M,M,1971-08-30,2009-01-25,0,1
102,360868122,adventure-works\zheng0,/3/1/10/,3,Production Supervisor - WC10,S,M,1983-10-26,2008-12-03,0,1
103,455563743,adventure-works\ebru0,/3/1/10/1/,4,Production Technician - WC10,S,M,1986-09-22,2009-12-06,0,1
104,717889520,adventure-works\mary1,/3/1/10/2/,4,Production Technician - WC10,M,F,1986-09-19,2009-12-25,0,1
105,801365500,adventure-works\kevin2,/3/1/10/3/,4,Production Technician - WC10,S,M,1986-09-19,2009-12-25,0,1
106,561196580,adventure-works\john4,/3/1/10/4/,4,Production Technician - WC10,S,M,1986-09-28,2010-02-27,0,1
107,393421437,adventure-works\christopher0,/3/1/10/5/,4,Production Technician - WC10,M,M,1986-10-01,2010-02-08,0,1
108,630184120,adventure-works\jinghao0,/3/1/11/,3,Production Supervisor - WC50,S,M,1989-02-05,2008-12-08,0,1
109,113695504,adventure-works\alice0,/3/1/11/1/,4,Production Technician - WC50,M,F,1978-01-26,2008-12-07,0,1
110,857651804,adventure-works\jun0,/3/1/11/2/,4,Production Technician - WC50,S,M,1979-07-06,2008-12-14,0,1
111,415823523,adventure-works\suroor0,/3/1/11/3/,4,Production Technician - WC50,S,M,1978-02-25,2008-12-17,0,1
112,981597097,adventure-works\john1,/3/1/11/4/,4,Production Technician - WC50,S,M,1978-05-31,2009-01-01,0,1
113,54759846,adventure-works\linda0,/3/1/11/5/,4,Production Technician - WC50,M,F,1987-07-17,2008-12-25,0,1
114,342607223,adventure-works\mindaugas0,/3/1/11/6/,4,Production Technician - WC50,M,M,1978-05-07,2009-01-13,0,1
115,563680513,adventure-works\angela0,/3/1/11/7/,4,Production Technician - WC50,S,F,1991-05-31,2009-01-20,0,1
116,398737566,adventure-works\michael2,/3/1/11/8/,4,Production Technician - WC50,S,M,1974-05-03,2009-01-31,0,1
117,599942664,adventure-works\chad0,/3/1/11/9/,4,Production Technician - WC50,M,M,1990-08-04,2009-02-18,0,1
118,222400012,adventure-works\don0,/3/1/11/10/,4,Production Technician - WC50,M,M,1971-06-13,2009-02-13,0,1
119,334834274,adventure-works\michael4,/3/1/11/11/,4,Production Technician - WC50,S,M,1989-06-15,2009-02-25,0,1
120,211789056,adventure-works\kitti0,/3/1/11/12/,4,Production Technician - WC50,S,F,1987-06-06,2009-03-04,0,1
121,521265716,adventure-works\pilar0,/3/1/12/,3,Shipping and Receiving Supervisor,S,M,1972-09-09,2009-01-02,1,1
122,586486572,adventure-works\susan0,/3/1/12/1/,4,Stocker,S,F,1978-02-17,2008-12-07,0,1
123,337752649,adventure-works\vamsi0,/3/1/12/2/,4,Shipping and Receiving Clerk,M,M,1977-03-18,2008-12-07,0,1
124,420776180,adventure-works\kim0,/3/1/12/3/,4,Stocker,S,F,1984-04-30,2008-12-26,0,1
125,584205124,adventure-works\matthias0,/3/1/12/4/,4,Shipping and Receiving Clerk,M,M,1973-11-11,2009-01-20,0,1
126,652779496,adventure-works\jimmy0,/3/1/12/5/,4,Stocker,M,M,1985-05-04,2009-02-26,0,1
127,750905084,adventure-works\david4,/3/1/13/,3,Production Supervisor - WC40,S,M,1983-07-02,2009-01-03,0,1
128,384162788,adventure-works\paul0,/3/1/13/1/,4,Production Technician - WC40,S,M,1980-11-13,2008-12-04,0,1
129,502058701,adventure-works\gary0,/3/1/13/2/,4,Production Technician - WC40,S,M,1988-05-16,2008-12-22,0,1
130,578953538,adventure-works\rob1,/3/1/13/3/,4,Production Technician - WC40,S,M,1973-08-04,2009-02-13,0,1
131,273260055,adventure-works\baris0,/3/1/13/4/,4,Production Technician - WC40,S,M,1990-10-07,2009-02-15,0,1
132,1300049,adventure-works\nicole0,/3/1/13/5/,4,Production Technician - WC40,M,F,1986-04-09,2009-02-22,0,1
133,830150469,adventure-works\michael1,/3/1/13/6/,4,Production Technician - WC40,S,M,1991-01-04,2009-01-10,0,1
134,45615666,adventure-works\eric0,/3/1/14/,3,Production Supervisor - WC20,M,M,1985-01-19,2009-01-14,0,1
135,964089218,adventure-works\ivo0,/3/1/14/1/,4,Production Technician - WC20,M,M,1982-01-03,2008-12-04,0,1
136,701156975,adventure-works\sylvester0,/3/1/14/2/,4,Production Technician - WC20,M,M,1970-11-12,2009-12-11,0,1
137,63761469,adventure-works\anibal0,/3/1/14/3/,4,Production Technician - WC20,S,F,1974-09-05,2009-02-23,0,1
138,25011600,adventure-works\samantha0,/3/1/14/4/,4,Production Technician - WC20,M,F,1987-11-22,2009-02-04,0,1
139,113393530,adventure-works\hung-fu0,/3/1/14/5/,4,Production Technician - WC20,S,M,1971-10-23,2010-01-06,0,1
140,339233463,adventure-works\prasanna0,/3/1/14/6/,4,Production Technician - WC20,M,M,1953-04-30,2010-01-22,0,1
141,872923042,adventure-works\min0,/3/1/14/7/,4,Production Technician - WC20,M,M,1974-09-10,2010-01-24,0,1
142,163347032,adventure-works\olinda0,/3/1/14/8/,4,Production Technician - WC20,S,F,1970-04-04,2010-03-04,0,1
143,56772045,adventure-works\krishna0,/3/1/14/9/,4,Production Technician - WC20,S,M,1971-09-05,2010-02-13,0,1
144,886023130,adventure-works\paul1,/3/1/14/10/,4,Production Technician - WC20,M,M,1990-11-04,2009-01-17,0,1
145,386315192,adventure-works\cynthia0,/3/1/15/,3,Production Supervisor - WC30,S,F,1981-08-18,2009-01-27,0,1
146,160739235,adventure-works\jianshuo0,/3/1/15/1/,4,Production Technician - WC30,S,M,1989-06-25,2008-12-07,0,1
147,604664374,adventure-works\sandra0,/3/1/15/2/,4,Production Technician - WC30,M,F,1975-11-05,2008-12-26,0,1
148,733022683,adventure-works\jason0,/3/1/15/3/,4,Production Technician - WC30,S,M,1988-12-07,2009-01-14,0,1
149,764853868,adventure-works\andy0,/3/1/15/4/,4,Production Technician - WC30,M,M,1983-10-20,2009-01-31,0,1
150,878395493,adventure-works\michael5,/3/1/15/5/,4,Production Technician - WC30,M,M,1982-09-18,2009-02-26,0,1
151,993310268,adventure-works\rostislav0,/3/1/15/6/,4,Production Technician - WC30,M,M,1977-09-13,2009-02-19,0,1
152,319472946,adventure-works\yuhong0,/3/1/16/,3,Production Supervisor - WC20,M,M,1977-04-06,2009-02-01,0,1
153,568596888,adventure-works\hanying0,/3/1/16/1/,4,Production Technician - WC20,S,M,1974-10-16,2008-12-16,0,1
154,97728960,adventure-works\raymond0,/3/1/16/2/,4,Production Technician - WC20,M,M,1967-03-02,2008-12-23,0,1
155,212801092,adventure-works\fadi0,/3/1/16/3/,4,Production Technician - WC20,S,M,1989-02-15,2009-01-04,0,1
156,322160340,adventure-works\lane0,/3/1/16/4/,4,Production Technician - WC20,M,M,1974-09-23,2009-01-11,0,1
157,812797414,adventure-works\linda1,/3/1/16/5/,4,Production Technician - WC20,S,F,1977-10-05,2009-02-03,0,1
158,300946911,adventure-works\shelley0,/3/1/16/6/,4,Production Technician - WC20,S,F,1986-12-08,2009-03-07,0,1
159,404159499,adventure-works\terrence0,/3/1/16/7/,4,Production Technician - WC20,S,M,1984-12-08,2009-02-16,0,1
160,712885347,adventure-works\jeff0,/3/1/17/,3,Production Supervisor - WC45,M,M,1977-01-15,2009-01-21,0,1
161,275962311,adventure-works\kirk0,/3/1/17/1/,4,Production Technician - WC45,S,M,1985-02-06,2008-12-15,0,1
162,514829225,adventure-works\laura0,/3/1/17/2/,4,Production Technician - WC45,S,F,1980-12-25,2009-01-03,0,1
163,377784364,adventure-works\alex0,/3/1/17/3/,4,Production Technician - WC45,M,M,1990-04-13,2009-02-08,0,1
164,65848458,adventure-works\andrew1,/3/1/17/4/,4,Production Technician - WC45,S,M,1988-09-24,2009-03-06,0,1
165,539490372,adventure-works\chris0,/3/1/17/5/,4,Production Technician - WC45,M,M,1988-12-16,2009-01-22,0,1
166,60114406,adventure-works\jack0,/3/1/18/,3,Production Supervisor - WC30,S,M,1983-06-22,2009-02-21,0,1
167,498138869,adventure-works\david1,/3/1/18/1/,4,Production Technician - WC30,S,M,1979-11-02,2008-12-02,0,1
168,271438431,adventure-works\garrett0,/3/1/18/2/,4,Production Technician - WC30,S,M,1984-08-25,2008-12-07,0,1
169,351069889,adventure-works\susan1,/3/1/18/3/,4,Production Technician - WC30,S,F,1983-04-02,2008-12-14,0,1
170,476115505,adventure-works\george0,/3/1/18/4/,4,Production Technician - WC30,M,M,1977-04-16,2008-12-21,0,1
171,746373306,adventure-works\david3,/3/1/18/5/,4,Production Technician - WC30,S,M,1981-08-03,2009-01-02,0,1
172,364818297,adventure-works\marc0,/3/1/18/6/,4,Production Technician - WC30,M,M,1986-10-24,2009-01-16,0,1
173,87268837,adventure-works\eugene0,/3/1/18/7/,4,Production Technician - WC30,S,M,1987-07-15,2009-01-21,0,1
174,585408256,adventure-works\benjamin0,/3/1/18/8/,4,Production Technician - WC30,S,M,1986-01-05,2009-01-27,0,1
175,259388196,adventure-works\reed0,/3/1/18/9/,4,Production Technician - WC30,M,M,1989-01-08,2009-02-02,0,1
176,860123571,adventure-works\david7,/3/1/18/10/,4,Production Technician - WC30,M,M,1985-09-23,2009-02-14,0,1
177,551346974,adventure-works\russell1,/3/1/18/11/,4,Production Technician - WC30,M,M,1982-02-11,2009-02-21,0,1
178,568626529,adventure-works\john3,/3/1/18/12/,4,Production Technician - WC30,S,M,1982-03-24,2009-03-03,0,1
179,587567941,adventure-works\jan0,/3/1/18/13/,4,Production Technician - WC30,S,M,1974-11-15,2009-03-05,0,1
180,862951447,adventure-works\katie0,/3/1/19/,3,Production Supervisor - WC20,S,F,1984-11-18,2009-02-20,0,1
181,545337468,adventure-works\michael0,/3/1/19/1/,4,Production Technician - WC20,S,M,1984-11-17,2008-12-09,0,1
182,368920189,adventure-works\nitin0,/3/1/19/2/,4,Production Technician - WC20,S,M,1986-12-01,2008-12-28,0,1
183,969985265,adventure-works\barbara0,/3/1/19/3/,4,Production Technician - WC20,M,F,1979-07-02,2009-01-22,0,1
184,305522471,adventure-works\john2,/3/1/19/4/,4,Production Technician - WC20,M,M,1986-04-05,2009-02-09,0,1
185,621932914,adventure-works\stefen0,/3/1/19/5/,4,Production Technician - WC20,S,M,1975-12-21,2009-02-28,0,1
186,551834634,adventure-works\shane0,/3/1/20/,3,Production Supervisor - WC45,S,M,1990-05-24,2009-02-08,0,1
187,713403643,adventure-works\yvonne0,/3/1/20/1/,4,Production Technician - WC45,M,F,1989-04-15,2008-12-09,0,1
188,435234965,adventure-works\douglas0,/3/1/20/2/,4,Production Technician - WC45,M,M,1985-11-24,2008-12-27,0,1
189,187369436,adventure-works\janeth0,/3/1/20/3/,4,Production Technician - WC45,S,F,1972-07-24,2009-01-15,0,1
190,456839592,adventure-works\robert0,/3/1/20/4/,4,Production Technician - WC45,S,M,1985-02-28,2009-02-02,0,1
191,399658727,adventure-works\lionel0,/3/1/20/5/,4,Production Technician - WC45,S,M,1988-03-14,2009-02-26,0,1
192,634335025,adventure-works\brenda0,/3/1/21/,3,Production Supervisor - WC40,M,F,1983-02-28,2009-03-05,0,1
193,761597760,adventure-works\alejandro0,/3/1/21/1/,4,Production Technician - WC40,S,M,1988-12-05,2008-12-06,0,1
194,295971920,adventure-works\fred0,/3/1/21/2/,4,Production Technician - WC40,S,M,1989-06-25,2008-12-12,0,1
195,918737118,adventure-works\kevin1,/3/1/21/3/,4,Production Technician - WC40,S,M,1985-12-25,2008-12-17,0,1
196,370487086,adventure-works\shammi0,/3/1/21/4/,4,Production Technician - WC40,M,M,1980-10-04,2008-12-24,0,1
197,632092621,adventure-works\rajesh0,/3/1/21/5/,4,Production Technician - WC40,M,M,1977-10-04,2008-12-31,0,1
198,19312190,adventure-works\lorraine0,/3/1/21/6/,4,Production Technician - WC40,M,F,1988-11-26,2009-01-04,0,1
199,992874797,adventure-works\paula1,/3/1/21/7/,4,Production Technician - WC40,M,F,1987-02-10,2009-01-12,0,1
200,749211824,adventure-works\frank0,/3/1/21/8/,4,Production Technician - WC40,M,M,1987-09-06,2009-01-17,0,1
201,746201340,adventure-works\brian0,/3/1/21/9/,4,Production Technician - WC40,S,M,1977-02-10,2009-01-29,0,1
202,436757988,adventure-works\tawana0,/3/1/21/10/,4,Production Technician - WC40,S,M,1989-11-10,2009-02-05,0,1
203,693168613,adventure-works\ken1,/3/1/21/11/,4,Production Technician - WC40,M,M,1981-05-28,2009-02-24,0,1
204,440379437,adventure-works\gabe0,/3/1/21/12/,4,Production Technician - WC40,M,M,1988-05-10,2009-03-08,0,1
205,332349500,adventure-works\lori0,/3/1/22/,3,Production Supervisor - WC45,S,F,1980-07-18,2009-02-26,0,1
206,835460180,adventure-works\stuart0,/3/1/22/1/,4,Production Technician - WC45,S,M,1962-09-13,2008-12-02,0,1
207,687685941,adventure-works\greg0,/3/1/22/2/,4,Production Technician - WC45,S,M,1970-10-18,2008-12-02,0,1
208,199546871,adventure-works\scott0,/3/1/22/3/,4,Production Technician - WC45,M,M,1987-02-10,2009-01-08,0,1
209,167554340,adventure-works\kathie0,/3/1/22/4/,4,Production Technician - WC45,M,F,1990-11-01,2009-01-27,0,1
210,20244403,adventure-works\belinda0,/3/1/22/5/,4,Production Technician - WC45,S,F,1969-09-17,2009-02-20,0,1
211,398223854,adventure-works\hazem0,/3/2/,2,Quality Assurance Manager,S,M,1977-10-26,2009-02-28,1,1
212,885055826,adventure-works\peng0,/3/2/1/,3,Quality Assurance Supervisor,M,M,1976-03-18,2008-12-09,1,1
213,343861179,adventure-works\sootha0,/3/2/1/1/,4,Quality Assurance Technician,M,M,1966-12-05,2010-02-23,0,1
214,131471224,adventure-works\andreas0,/3/2/1/2/,4,Quality Assurance Technician,M,M,1989-03-28,2009-02-02,0,1
215,381772114,adventure-works\mark0,/3/2/1/3/,4,Quality Assurance Technician,S,M,1986-04-30,2009-01-15,0,1
216,403414852,adventure-works\sean0,/3/2/1/4/,4,Quality Assurance Technician,S,M,1976-03-06,2008-12-28,0,1
217,345106466,adventure-works\zainal0,/3/2/2/,3,Document Control Manager,M,M,1976-01-30,2009-01-04,0,1
218,540688287,adventure-works\tengiz0,/3/2/2/1/,4,Control Specialist,S,M,1990-04-28,2008-12-16,0,1
219,242381745,adventure-works\sean1,/3/2/2/2/,4,Document Control Assistant,S,M,1987-03-12,2009-01-22,0,1
220,260770918,adventure-works\karen0,/3/2/2/3/,4,Document Control Assistant,M,F,1975-12-25,2009-02-09,0,1
221,260805477,adventure-works\chris1,/3/2/2/4/,4,Control Specialist,M,M,1987-05-26,2009-03-06,0,1
222,685233686,adventure-works\ascott0,/3/3/,2,Master Scheduler,S,M,1968-09-17,2008-12-12,0,1
223,981495526,adventure-works\sairaj0,/3/3/1/,3,Scheduling Assistant,M,M,1987-12-22,2009-01-26,0,1
224,621209647,adventure-works\william0,/3/3/2/,3,Scheduling Assistant,M,M,1981-11-06,2009-01-07,0,1
225,470689086,adventure-works\alan0,/3/3/3/,3,Scheduling Assistant,M,M,1984-03-29,2009-02-13,0,1
226,368691270,adventure-works\brian1,/3/3/4/,3,Scheduling Assistant,M,M,1984-08-11,2009-03-03,0,1
227,141165819,adventure-works\gary1,/3/4/,2,Facilities Manager,M,M,1971-02-18,2009-12-02,1,1
228,553069203,adventure-works\christian0,/3/4/1/,3,Maintenance Supervisor,M,M,1976-01-18,2008-12-14,1,1
229,879334904,adventure-works\lori1,/3/4/1/1/,4,Janitor,M,F,1970-07-31,2010-02-16,0,1
230,28414965,adventure-works\stuart1,/3/4/1/2/,4,Janitor,M,M,1971-12-17,2010-03-05,0,1
231,153479919,adventure-works\jo1,/3/4/1/3/,4,Janitor,M,F,1954-04-24,2010-03-07,0,1
232,646304055,adventure-works\pat0,/3/4/1/4/,4,Janitor,S,M,1970-12-03,2010-01-27,0,1
233,552560652,adventure-works\magnus0,/3/4/2/,3,Facilities Administrative Assistant,M,M,1971-08-27,2009-12-21,0,1
234,184188301,adventure-works\laura1,/4/,1,Chief Financial Officer,M,F,1976-01-06,2009-01-31,1,1
235,535145551,adventure-works\paula0,/4/1/,2,Human Resources Manager,M,F,1976-02-11,2008-12-06,1,1
236,476980013,adventure-works\grant0,/4/1/1/,3,Human Resources Administrative Assistant,S,M,1976-04-16,2009-02-25,0,1
237,416679555,adventure-works\hao0,/4/1/2/,3,Human Resources Administrative Assistant,S,M,1977-04-17,2009-02-06,0,1
238,264306399,adventure-works\vidur0,/4/1/3/,3,Recruiter,S,M,1984-08-01,2009-01-01,0,1
239,619308550,adventure-works\mindy0,/4/1/4/,3,Benefits Specialist,M,F,1984-11-20,2008-12-25,0,1
240,332040978,adventure-works\willis0,/4/1/5/,3,Recruiter,S,M,1978-07-18,2008-12-13,0,1
241,30845,adventure-works\david6,/4/2/,2,Accounts Manager,M,M,1983-07-08,2009-01-30,1,1
242,363923697,adventure-works\deborah0,/4/2/1/,3,Accounts Receivable Specialist,M,F,1976-03-06,2008-12-18,0,1
243,60517918,adventure-works\candy0,/4/2/2/,3,Accounts Receivable Specialist,S,F,1976-02-23,2009-01-06,0,1
244,931190412,adventure-works\bryan1,/4/2/3/,3,Accounts Receivable Specialist,S,M,1984-09-20,2009-01-24,0,1
245,363910111,adventure-works\barbara1,/4/2/4/,3,Accountant,M,F,1976-01-04,2009-02-18,1,1
246,663843431,adventure-works\dragan0,/4/2/5/,3,Accounts Payable Specialist,M,M,1977-02-14,2009-02-11,0,1
247,519756660,adventure-works\janet0,/4/2/6/,3,Accounts Payable Specialist,M,F,1979-03-09,2009-03-01,0,1
248,480951955,adventure-works\mike0,/4/2/7/,3,Accountant,S,M,1979-07-01,2009-03-08,1,1
249,121491555,adventure-works\wendy0,/4/3/,2,Finance Manager,S,F,1984-10-11,2008-12-25,1,1
250,895209680,adventure-works\sheela0,/4/3/1/,3,Purchasing Manager,S,F,1978-02-10,2011-02-25,1,1
251,603686790,adventure-works\mikael0,/4/3/1/1/,4,Buyer,S,M,1984-08-17,2009-02-10,0,1
252,792847334,adventure-works\arvind0,/4/3/1/2/,4,Buyer,M,M,1974-08-21,2009-02-28,0,1
253,407505660,adventure-works\linda2,/4/3/1/3/,4,Buyer,M,F,1970-11-30,2009-12-17,0,1
254,482810518,adventure-works\fukiko0,/4/3/1/4/,4,Buyer,M,M,1970-11-24,2010-01-04,0,1
255,466142721,adventure-works\gordon0,/4/3/1/5/,4,Buyer,M,M,1966-11-29,2010-01-11,0,1
256,367453993,adventure-works\frank2,/4/3/1/6/,4,Buyer,M,M,1952-05-12,2010-01-23,0,1
257,381073001,adventure-works\eric2,/4/3/1/7/,4,Buyer,S,M,1972-09-17,2010-01-27,0,1
258,785853949,adventure-works\erin0,/4/3/1/8/,4,Buyer,S,F,1971-01-04,2010-01-31,0,1
259,20269531,adventure-works\ben0,/4/3/1/9/,4,Buyer,M,M,1973-06-03,2010-03-09,0,1
260,437296311,adventure-works\annette0,/4/3/1/10/,4,Purchasing Assistant,M,F,1978-01-29,2010-12-06,0,1
261,280633567,adventure-works\reinout0,/4/3/1/11/,4,Purchasing Assistant,M,M,1978-01-17,2010-12-25,0,1
262,231203233,adventure-works\david5,/4/4/,2,Assistant to the Chief Financial Officer,S,M,1964-06-21,2009-01-12,0,1
263,441044382,adventure-works\jean0,/5/,1,Information Services Manager,S,F,1975-12-13,2008-12-11,1,1
264,858323870,adventure-works\stephanie0,/5/1/,2,Network Manager,S,F,1984-03-25,2009-02-04,1,1
265,749389530,adventure-works\ashvini0,/5/1/1/,3,Network Administrator,S,M,1977-03-27,2008-12-04,0,1
266,672243793,adventure-works\peter1,/5/1/2/,3,Network Administrator,S,M,1980-05-28,2009-02-23,0,1
267,58317344,adventure-works\karen1,/5/2/,2,Application Specialist,S,F,1978-05-19,2009-02-16,1,1
268,314747499,adventure-works\ramesh0,/5/3/,2,Application Specialist,S,M,1988-03-13,2009-02-03,1,1
269,671089628,adventure-works\dan0,/5/4/,2,Application Specialist,M,M,1987-05-26,2009-01-11,1,1
270,643805155,adventure-works\françois0,/5/5/,2,Database Administrator,S,M,1975-05-17,2009-01-17,1,1
271,929666391,adventure-works\dan1,/5/6/,2,Database Administrator,M,M,1976-01-06,2009-01-22,1,1
272,525932996,adventure-works\janaina0,/5/7/,2,Application Specialist,M,F,1985-01-30,2008-12-23,1,1
273,112432117,adventure-works\brian3,/6/,1,Vice President of Sales,S,M,1977-06-06,2011-02-15,1,1
274,502097814,adventure-works\stephen0,/6/1/,2,North American Sales Manager,M,M,1951-10-17,2011-01-04,1,1
275,841560125,adventure-works\michael9,/6/1/1/,3,Sales Representative,S,M,1968-12-25,2011-05-31,1,1
276,191644724,adventure-works\linda3,/6/1/2/,3,Sales Representative,M,F,1980-02-27,2011-05-31,1,1
277,615389812,adventure-works\jillian0,/6/1/3/,3,Sales Representative,S,F,1962-08-29,2011-05-31,1,1
278,234474252,adventure-works\garrett1,/6/1/4/,3,Sales Representative,M,M,1975-02-04,2011-05-31,1,1
279,716374314,adventure-works\tsvi0,/6/1/5/,3,Sales Representative,M,M,1974-01-18,2011-05-31,1,1
280,61161660,adventure-works\pamela0,/6/1/6/,3,Sales Representative,S,F,1974-12-06,2011-05-31,1,1
281,139397894,adventure-works\shu0,/6/1/7/,3,Sales Representative,M,M,1968-03-09,2011-05-31,1,1
282,399771412,adventure-works\josé1,/6/1/8/,3,Sales Representative,M,M,1963-12-11,2011-05-31,1,1
283,987554265,adventure-works\david8,/6/1/9/,3,Sales Representative,S,M,1974-02-11,2011-05-31,1,1
284,90836195,adventure-works\tete0,/6/1/10/,3,Sales Representative,M,M,1978-01-05,2012-09-30,1,1
285,481044938,adventure-works\syed0,/6/2/,2,Pacific Sales Manager,M,M,1975-01-11,2013-03-14,1,1
286,758596752,adventure-works\lynn0,/6/2/1/,3,Sales Representative,S,F,1977-02-14,2013-05-30,1,1
287,982310417,adventure-works\amy0,/6/3/,2,European Sales Manager,M,F,1957-09-20,2012-04-16,1,1
288,954276278,adventure-works\rachel0,/6/3/1/,3,Sales Representative,S,F,1975-07-09,2013-05-30,1,1
289,668991357,adventure-works\jae0,/6/3/2/,3,Sales Representative,M,F,1968-03-17,2012-05-30,1,1
290,134219713,adventure-works\ranjit0,/6/3/3/,3,Sales Representative,S,M,1975-09-30,2012-05-30,1,1
